region,selectedRegion,year,GDP,NTL,lnNTL,lnGDP
Uttar Pradesh,,1992,262626027.3,824818,13.622918047043003,19.386241628782905
Maharashtra,Maharashtra,1992,212890800.7,1155544,13.960081795379315,19.176289919442127
Telangana,,1992,172704404.7,382276,12.8538981659499,18.967092047713493
Bihar,Bihar,1992,135143779.6,63276,11.05526154735626,18.721849803730358
Madhya Pradesh,,1992,129404524.0,580640,13.271886239669273,18.678453900780063
West Bengal,,1992,123393674.1,325754,12.693897804965045,18.6308904047504
Gujarat,,1992,109539808.5,658161,13.397204876422892,18.511798589098493
Andhra Pradesh,,1992,108578065.6,396857,12.891331318467838,18.502979970847257
Tamil Nadu,,1992,95287778.28,618949,13.335778173475683,18.372412115699433
Karnataka,,1992,94563622.64,401442,12.902818368562604,18.36478342137893
Jharkhand,,1992,88863454.68,111218,11.619247608116098,18.302611532501597
Rajasthan,,1992,85304419.28,634578,13.360715505781712,18.261736819795146
Chhattisgarh,,1992,73304651.45,130580,11.779741421322028,18.110134622551573
Kerala,Kerala,1992,71530189.36,194770,12.179574705566553,18.085630147361925
Punjab,Punjab,1992,64235203.74,536188,13.192240143474677,17.9780619632339
Uttarakhand,,1992,62278058.12,53655,10.890330126737132,17.94711972461096
NCT of Delhi,Delhi,1992,60812947.7,93034,11.440720404208571,17.923313279856675
Haryana,,1992,45382106.84,467035,13.05415950172117,17.630628462857945
Odisha,,1992,39538950.65,129011,11.767653028539014,17.49279683640668
Assam,,1992,32081698.18,139992,11.849340628534234,17.283796275347076
Puducherry,,1992,11744911.94,8579,9.057073801209306,16.278930678388466
Himachal Pradesh,,1992,10343861.1,34052,10.435644340672413,16.151903771269424
Jammu and Kashmir,,1992,8918445.228,81188,11.304522855148422,16.003632187570147
Tripura,,1992,4403274.168,16730,9.724959391709321,15.297858951252618
Goa,Goa,1992,3453453.126,19991,9.90303795148072,15.054885194521992
Manipur,,1992,3156059.566,10012,9.211540651352603,14.964834834660794
Meghalaya,,1992,3140706.975,8567,9.05567405923312,14.959958483815578
Nagaland,,1992,2968046.444,4401,8.389589339019372,14.903414531394954
Sikkim,Sikkim,1992,1623046.989,1471,7.293704518674864,14.299815798018479
Mizoram,,1992,1366471.666,2310,7.745007132510799,14.127742549411545
Lakshadweep,,1992,542926.5447,124,4.820362207514681,13.204729312969762
Uttar Pradesh,,1993,268241312.1,865467,13.67102453617639,19.407397551625348
Maharashtra,Maharashtra,1993,226861295.2,1369309,14.12981679830306,19.239849354326868
Telangana,,1993,177276043.1,510325,13.142803076237142,18.99321864121543
Bihar,Bihar,1993,136698574.9,91756,11.426888267858711,18.733288876621547
Madhya Pradesh,,1993,133984812.9,673188,13.419779930682664,18.713237014924946
West Bengal,,1993,129151810.5,358691,12.790216600479786,18.67649909599091
Gujarat,,1993,115977658.8,798208,13.590124506625347,18.568908133969817
Andhra Pradesh,,1993,116315617.4,581672,13.27366201115478,18.571817893942022
Tamil Nadu,,1993,103191557.5,743196,13.518715097791357,18.452097600494806
Karnataka,,1993,100149979.2,538070,13.195743960789256,18.42217941238761
Jharkhand,,1993,90963792.93,123176,11.721369587094397,18.325972105415808
Rajasthan,,1993,90466659.48,726543,13.49605296189188,18.32049193725699
Chhattisgarh,,1993,75067965.79,112481,11.630539686378288,18.133904471673052
Kerala,Kerala,1993,71674841.35,233528,12.36105730607025,18.08765035626771
Punjab,Punjab,1993,69632766.19,535073,13.190158483857049,18.05874579311513
Uttarakhand,,1993,63864884.16,58366,10.974488978828665,17.97228022463133
NCT of Delhi,Delhi,1993,68314980.78,90854,11.417009211540382,18.03963963841091
Haryana,,1993,48514082.54,429662,12.97075415533568,17.697364675410412
Odisha,,1993,41448835.25,144741,11.882701286425343,17.539970339030138
Assam,,1993,32891151.9,153762,11.943161296439177,17.30871424035524
Puducherry,,1993,12068984.59,9237,9.130973519194601,16.306149462774297
Himachal Pradesh,,1993,11438586.72,33561,10.421120255479895,16.252502997822884
Jammu and Kashmir,,1993,11191630.71,80902,11.300993948226196,16.230676798893157
Tripura,,1993,4716143.155,24309,10.098602342499024,15.366501895352567
Goa,Goa,1993,3761210.548,23978,10.084892439316473,15.140251417805247
Manipur,,1993,3353037.617,13264,9.492809631295179,15.025377244293875
Meghalaya,,1993,3194379.431,14107,9.55442711594219,14.976903395629526
Nagaland,,1993,3036663.049,6824,8.82820255458662,14.926269789239111
Sikkim,Sikkim,1993,1664480.615,1711,7.444839118410473,14.325023689789418
Mizoram,,1993,1480870.201,4130,8.326035107259653,14.208140446600167
Lakshadweep,,1993,558124.6328,184,5.214990103958283,13.23233757269555
Uttar Pradesh,,1994,278904357.1,896775,13.706560284606958,19.44637947492101
Maharashtra,Maharashtra,1994,246194357.0,1270980,14.055298822274501,19.321631851062023
Telangana,,1994,185711397.3,445309,13.006523724655514,19.03970439923764
Bihar,Bihar,1994,140689797.4,85665,11.358199736500854,18.76206800630687
Madhya Pradesh,,1994,141236151.3,787455,13.576561517891205,18.7659438792904
West Bengal,,1994,137567237.6,357550,12.787030519444658,18.73962335627628
Gujarat,,1994,125103666.7,794737,13.585766533876967,18.64465328515948
Andhra Pradesh,,1994,126701328.8,545504,13.209465435282324,18.657343133002747
Tamil Nadu,,1994,113638676.5,758269,13.538793496123468,18.548534468455124
Karnataka,,1994,108023926.8,613171,13.326399148280359,18.49786330499559
Jharkhand,,1994,94827949.91,124451,11.731667423471926,18.36757475404561
Rajasthan,,1994,97698658.42,772612,13.557532274006777,18.3973983852913
Chhattisgarh,,1994,78313378.14,141469,11.8598359614784,18.176229003837822
Kerala,Kerala,1994,73109429.14,224945,12.323611251316011,18.107467906004846
Punjab,Punjab,1994,76978130.2,482758,13.087270792592259,18.159031916099057
Uttarakhand,,1994,66789741.32,57185,10.954047080086335,18.017060053659435
NCT of Delhi,Delhi,1994,78168269.87,91699,11.426266862112124,18.174374367036137
Haryana,,1994,52868433.3,404011,12.909197409047193,17.783316994710336
Odisha,,1994,44178502.77,169030,12.037831552105319,17.603748866065555
Assam,,1994,34314754.37,162325,11.997355838981491,17.351085976205123
Puducherry,,1994,12667654.57,10143,9.224540077277117,16.354562418349722
Himachal Pradesh,,1994,12886149.1,30991,10.341452441409151,16.371663579310663
Jammu and Kashmir,,1994,13904989.18,75868,11.236750398912081,16.44775826751254
Tripura,,1994,5136977.502,19087,9.856763277946557,15.451975429840827
Goa,Goa,1994,4173522.65,24779,10.117752202811198,15.244270997357757
Manipur,,1994,3626476.05,10538,9.26274399971545,15.103771949600002
Meghalaya,,1994,3305938.988,15360,9.639522657743118,15.011231102262382
Nagaland,,1994,3157410.991,5678,8.64435609821488,14.965262943102399
Sikkim,Sikkim,1994,1740853.79,1726,7.453567665369348,14.369886234752775
Mizoram,,1994,1633205.452,4735,8.462739117550367,14.306055176653679
Lakshadweep,,1994,586220.3413,199,5.293355074718222,13.281451006929833
Uttar Pradesh,,1995,292565400.8,1040555,13.85526479223139,19.494198792121743
Maharashtra,Maharashtra,1995,269517498.8,1656383,14.32014687341669,19.41214387681767
Telangana,,1995,196536609.9,555635,13.227866900836055,19.096359281843718
Bihar,Bihar,1995,146041947.7,116902,11.669091341495404,18.799404451419832
Madhya Pradesh,,1995,150200080.8,1104977,13.91533508728769,18.827478835243564
West Bengal,,1995,147772385.6,428291,12.967558173422862,18.81118371275708
Gujarat,,1995,136181808.8,1033390,13.848355227670245,18.72950138035121
Andhra Pradesh,,1995,139089294.5,716027,13.481473168694958,18.750626691315077
Tamil Nadu,,1995,126112936.6,971989,13.787099776794294,18.652688385681085
Karnataka,,1995,117586620.0,745163,13.52135827879642,18.58268581144567
Jharkhand,,1995,99761966.71,149989,11.918317303727594,18.418297573556323
Rajasthan,,1995,106481294.6,1005292,13.820788614485672,18.483479890128987
Chhattisgarh,,1995,82460394.87,216128,12.283626150014117,18.22782867385635
Kerala,Kerala,1995,75179641.37999998,272608,12.515790181525276,18.13539102593729
Punjab,Punjab,1995,85952452.89,656769,13.395087652694157,18.26930482795485
Uttarakhand,,1995,70536630.44,79204,11.279782207833927,18.071642713556397
NCT of Delhi,Delhi,1995,90175895.71,98292,11.495698021041276,18.317272717723675
Haryana,,1995,58186904.15,533661,13.187516103629331,17.87917087277727
Odisha,,1995,47463159.22,235561,12.369725224704265,17.675464372706752
Assam,,1995,36111974.16,168726,12.036031435665702,17.40213506248758
Puducherry,,1995,13437495.13,13031,9.475087180545424,16.413559501433483
Himachal Pradesh,,1995,14656220.89,50406,10.827865692981963,16.500375437425483
Jammu and Kashmir,,1995,17079538.54,108731,11.596632313013307,16.653391728395313
Tripura,,1995,5640432.172,22502,10.021359917535861,15.545471246779735
Goa,Goa,1995,4672942.865,28677,10.263851035443322,15.357299594986804
Manipur,,1995,3957659.695,12887,9.463975106263879,15.191163422418427
Meghalaya,,1995,3450003.0,21175,9.960576991775161,15.053885658572382
Nagaland,,1995,3305110.873,5501,8.612686990725106,15.01098057775516
Sikkim,Sikkim,1995,1838700.483,3059,8.02584661318773,14.42456962082749
Mizoram,,1995,1816550.535,4445,8.39953739766426,14.41244995023991
Lakshadweep,,1995,622377.6707,207,5.332767101277263,13.341302375078078
Uttar Pradesh,,1996,306965178.4,1032862,13.847844157378352,19.54224487371116
Maharashtra,Maharashtra,1996,294922672.9,1749491,14.374835452165646,19.50222375418042
Telangana,,1996,208070749.9,625946,13.347019400356444,19.153388723579823
Bihar,Bihar,1996,151623198.4,128169,11.76110506257763,18.83690904321231
Madhya Pradesh,,1996,159748593.2,1101680,13.912346854478054,18.88911184492336
West Bengal,,1996,158690504.1,460789,13.040695538253019,18.882466348167668
Gujarat,,1996,148226607.3,1032440,13.847435500434441,18.81425279114877
Andhra Pradesh,,1996,152556722.3,721645,13.489288621062457,18.843047034363867
Tamil Nadu,,1996,139811754.3,936140,13.749520327606591,18.755807463628653
Karnataka,,1996,128030470.5,791039,13.58110256285358,18.667778844335547
Jharkhand,,1996,104989255.8,148314,11.907086994331516,18.469368577171878
Rajasthan,,1996,116105556.8,1074881,13.887720525045397,18.570010307710533
Chhattisgarh,,1996,86857639.19,204751,12.229549934548082,18.279781005217355
Kerala,Kerala,1996,77232108.92,258789,12.463768375483099,18.162325847177666
Punjab,Punjab,1996,96028009.96,684369,13.436252539437284,18.380150477292066
Uttarakhand,,1996,74520926.97,80901,11.300981587517477,18.126590542831245
NCT of Delhi,Delhi,1996,103835076.1,100595,11.51885793303185,18.45831439165248
Haryana,,1996,64090784.82,580924,13.272375235541682,17.97581114899757
Odisha,,1996,50972217.32,256115,12.453381880388124,17.746791283822443
Assam,,1996,38013043.21,186699,12.137253026891225,17.453439901164895
Puducherry,,1996,14259596.61,13390,9.50226418551093,16.472940684331512
Himachal Pradesh,,1996,16680133.34,61112,11.020463688855166,16.629728948867722
Jammu and Kashmir,,1996,20656936.17,116371,11.664538728277313,16.84356171298191
Tripura,,1996,6190097.847,23550,10.066881524072924,15.638461451805636
Goa,Goa,1996,5230144.954,30392,10.321935023901364,15.469949551527009
Manipur,,1996,4320736.938,12740,9.452502714055202,15.2789365331719
Meghalaya,,1996,3599363.272,15048,9.619001035520785,15.096267518894303
Nagaland,,1996,3452389.923,7576,8.932741954822804,15.054577280484311
Sikkim,Sikkim,1996,1942760.215,2994,8.004368904987356,14.479620311068219
Mizoram,,1996,2019841.638,5119,8.54071633996222,14.518529669274477
Lakshadweep,,1996,661021.4821,244,5.497209208059955,13.401541617700586
Uttar Pradesh,,1997,311554361.8,800156,13.592562000137598,19.55708439717748
Maharashtra,Maharashtra,1997,311179333.3,1689059,14.339682133012662,19.55587993835892
Telangana,,1997,212111727.0,573734,13.259921170687491,19.172623707964043
Bihar,Bihar,1997,152414875.6,112665,11.632174181546928,18.842116805377266
Madhya Pradesh,,1997,164244067.2,858586,13.663042140672925,18.916864094128684
West Bengal,,1997,164675097.4,432874,12.978201994667744,18.9194849839589
Gujarat,,1997,155606454.9,1115154,13.924503078898438,18.86284065278129
Andhra Pradesh,,1997,161594555.0,682968,13.43420329997432,18.900601009176672
Tamil Nadu,,1997,149553035.9,963253,13.77807138732131,18.823161643068218
Karnataka,,1997,134659516.0,754688,13.534059711039298,18.71826004683761
Jharkhand,,1997,106814846.6,126992,11.751879450075771,18.486607487937558
Rajasthan,,1997,122371386.3,1026939,13.84209310058444,18.622571128654727
Chhattisgarh,,1997,88394044.72,196664,12.189252018647977,18.297315157917772
Kerala,Kerala,1997,76565173.23999998,230962,12.350008517104628,18.153652873881533
Punjab,Punjab,1997,103404740.2,780190,13.56729277156359,18.454161362314714
Uttarakhand,,1997,75915260.28,74323,11.216175873205808,18.145128279863975
NCT of Delhi,Delhi,1997,114604956.6,100492,11.517833500833214,18.557001612618503
Haryana,,1997,68139314.82,575899,13.263687594444841,18.037064914672513
Odisha,,1997,52969816.91,228023,12.337201823897022,17.785232817029932
Assam,,1997,38734614.85,189375,12.151484508051048,17.472244198794886
Puducherry,,1997,14547994.48,13007,9.473243721880236,16.492963705655345
Himachal Pradesh,,1997,18328005.88,57919,10.966800934372081,16.72394082393602
Jammu and Kashmir,,1997,23821631.55,103380,11.546166895480534,16.986104614507973
Tripura,,1997,6565307.302,25791,10.157781260574632,15.697309873762896
Goa,Goa,1997,5637583.698,28947,10.273222196147374,15.544966109334744
Manipur,,1997,4561276.577,14376,9.573316124066936,15.333113093408064
Meghalaya,,1997,3631946.422,16113,9.68738229919027,15.105279266942533
Nagaland,,1997,3478074.918,6812,8.826442509779152,15.061989514204912
Sikkim,Sikkim,1997,1979174.166,3213,8.07496347146707,14.498190227786587
Mizoram,,1997,2168200.108,4832,8.483017809148933,14.58940793802023
Lakshadweep,,1997,674583.7218,235,5.459628066430287,13.42185107116735
Uttar Pradesh,,1998,322481025.4,1001234,13.816743807199732,19.591554856500206
Maharashtra,Maharashtra,1998,335133518.9,1992298,14.50479930935086,19.63003957426445
Telangana,,1998,221150217.3,678688,13.427916816409384,19.214352744869128
Bihar,Bihar,1998,156156198.4,149988,11.91831063655022,18.866367336070436
Madhya Pradesh,,1998,172245037.6,1102850,13.91340830530815,18.964428658154223
West Bengal,,1998,174249326.6,458460,13.03562834768182,18.975997743035027
Gujarat,,1998,166789878.9,1157022,13.961360029331088,18.93224536799038
Andhra Pradesh,,1998,174453207.5,804038,13.597401823163025,18.97716711178515
Tamil Nadu,,1998,163089027.6,1059349,13.873165135916672,18.90980679126325
Karnataka,,1998,144551189.2,999715,13.815225527346907,18.789144253303892
Jharkhand,,1998,110883720.7,135566,11.817213959350218,18.523992648939554
Rajasthan,,1998,131615560.3,1160101,13.964017636877722,18.69539580922747
Chhattisgarh,,1998,91820112.82,225705,12.326984160166708,18.335341925492937
Kerala,Kerala,1998,77395438.97,293691,12.590283507252792,18.164438408787454
Punjab,Punjab,1998,113829729.5,782842,13.570686179390082,18.550214288947878
Uttarakhand,,1998,79030134.15999998,86266,11.36519094085616,18.185339782762913
NCT of Delhi,Delhi,1998,129312387.2,100480,11.517714081224312,18.677741641164193
Haryana,,1998,74019946.65,574142,13.26063204888352,18.119845164170876
Odisha,,1998,56075404.49,283143,12.55370738467534,17.842207851719476
Assam,,1998,40236925.19,193314,12.17207114058347,17.510295669056905
Puducherry,,1998,15193942.48,13889,9.5388531589102,16.536407385333252
Himachal Pradesh,,1998,20567724.65,78646,11.272712176112465,16.839233640537593
Jammu and Kashmir,,1998,27772041.56,133512,11.80194671532287,17.13954037332545
Tripura,,1998,7097227.19,32614,10.392497229637966,15.77521472911254
Goa,Goa,1998,6207121.829,34950,10.461674033784949,15.641207872881598
Manipur,,1998,4912239.074,14018,9.548098210428542,15.407240419041639
Meghalaya,,1998,3735376.724,18208,9.809616886135045,15.133359234648783
Nagaland,,1998,3568552.473,6810,8.826148867571261,15.087670601782836
Sikkim,Sikkim,1998,2060535.586,2892,7.9697070410873385,14.538476500177271
Mizoram,,1998,2374228.394,6174,8.72810382475629,14.680183055926907
Lakshadweep,,1998,704972.8197,270,5.598458995349557,13.465914527434176
Uttar Pradesh,,1999,342070995.3,872379,13.678979252955973,19.650528862079838
Maharashtra,Maharashtra,1999,370415687.5,1997927,14.507620705991812,19.73013641270121
Telangana,,1999,237154050.1,713897,13.47849398722012,19.28422048836257
Bihar,Bihar,1999,163829376.4,124548,11.732446543043615,18.914336056404533
Madhya Pradesh,,1999,185172576.2,1076686,13.889398372313616,19.036798792538054
West Bengal,,1999,188955109.9,492272,13.106786708554084,19.057020031056442
Gujarat,,1999,183530900.0,1266529,14.051790653807016,19.027893603653066
Andhra Pradesh,,1999,192943877.6,866688,13.67243434094344,19.07790991494435
Tamil Nadu,,1999,182288100.3,1210285,14.006366435290994,19.021098962148095
Karnataka,,1999,159211434.9,1024077,13.839302286831956,18.88574365605641
Jharkhand,,1999,118044428.2,139869,11.8484616207473,18.586571621737264
Rajasthan,,1999,145222001.4,1181748,13.982505264710761,18.793774173669636
Chhattisgarh,,1999,97855122.07,156840,11.96298152016551,18.3989985965784
Kerala,Kerala,1999,80145885.76,297903,12.604523242712094,18.19935910394935
Punjab,Punjab,1999,128855707.0,869446,13.675611517691628,18.67420378589398
Uttarakhand,,1999,84533737.33,111721,11.623760060476538,18.252661270988195
NCT of Delhi,Delhi,1999,150133581.4,103981,11.551963565296957,18.827035998429338
Haryana,,1999,82625669.68,601228,13.306729525928695,18.229830961156228
Odisha,,1999,60764608.24,235935,12.371311664727408,17.92251807613386
Assam,,1999,42814831.85,203013,12.221025344640283,17.572395139072814
Puducherry,,1999,16340422.26,15230,9.631023102487811,16.609152489167492
Himachal Pradesh,,1999,23710476.84,104091,11.553020891603952,16.981427569184785
Jammu and Kashmir,,1999,32969299.92,124783,11.734331587829356,17.311087380973518
Tripura,,1999,7860098.518,36715,10.510940942253916,15.877309698423531
Goa,Goa,1999,7021433.146,34726,10.45524425287271,15.764477907017692
Manipur,,1999,5425079.369,19948,9.900884667969276,15.506543087514192
Meghalaya,,1999,3934051.542,27350,10.216472173480772,15.185180379522997
Nagaland,,1999,3746482.996,8746,9.076352875352043,15.136328090140143
Sikkim,Sikkim,1999,2204300.371,3992,8.292050142438237,14.605920724451815
Mizoram,,1999,2666519.217,8388,9.034558584200402,14.796284515822252
Lakshadweep,,1999,758970.1668,238,5.472312689595516,13.539717749676415
Uttar Pradesh,,2000,357585300.8,1014071,13.829483490267107,19.69488449527338
Maharashtra,Maharashtra,2000,379582085.5,2206032,14.60670598911642,19.754581430488418
Telangana,,2000,236153880.9,770113,13.554292549294523,19.27999418821752
Bihar,Bihar,2000,171040248.2,163528,12.004739569631418,18.9574094563625
Madhya Pradesh,,2000,189067991.6,1118858,13.927819089162407,19.05761725224693
West Bengal,,2000,192662669.5,537519,13.194719405800402,19.07645139121354
Gujarat,,2000,191803760.2,1376294,14.134904944709369,19.071983325018106
Andhra Pradesh,,2000,199700005.5,859758,13.664406244912932,19.112326825927354
Tamil Nadu,,2000,184645261.5,1272704,14.056654336756978,19.033947036870206
Karnataka,,2000,166975371.6,1123823,13.93224683262414,18.933356884056355
Jharkhand,,2000,117602203.9,158656,11.974493678424308,18.582818333899457
Rajasthan,,2000,150496703.7,1244063,14.033893202123938,18.829451739587764
Chhattisgarh,,2000,97481725.68,228804,12.340621064557974,18.395175489478003
Kerala,Kerala,2000,89788091.89,331606,12.711702826325116,18.31296291746375
Punjab,Punjab,2000,134594197.5,891059,13.700165933216134,18.717774865033192
Uttarakhand,,2000,84191138.15,117526,11.674414949771592,18.248600226048932
NCT of Delhi,Delhi,2000,145087308.3,106520,11.576088133806948,18.792846245386496
Haryana,,2000,85306963.19,651400,13.38687918717582,18.261766640900436
Odisha,,2000,63014325.94,342286,12.74340195310169,17.9588726543783
Assam,,2000,45305539.8,210810,12.258712580290432,17.62893987436701
Puducherry,,2000,16268474.39,16121,9.68787866918472,16.604739706513513
Himachal Pradesh,,2000,24879750.72,124894,11.735220736596936,17.029564806492456
Jammu and Kashmir,,2000,34452460.01,136443,11.823662297268427,17.355090961002222
Tripura,,2000,8093783.607,33587,10.42189466405663,15.90660686907168
Goa,Goa,2000,7530377.655,40442,10.607624375163336,15.834455751904892
Manipur,,2000,5554637.68,16697,9.722984940458762,15.53014375480627
Meghalaya,,2000,4418434.638,20943,9.949560218124908,15.301296037027795
Nagaland,,2000,3893363.153,8520,9.050172793531592,15.174783905827875
Sikkim,Sikkim,2000,2312698.583,3792,8.240651500502237,14.65392561841151
Mizoram,,2000,2937040.206,6512,8.781403443307733,14.892912899566117
Lakshadweep,,2000,755571.2959999999,267,5.587286110882417,13.535229425534288
Uttar Pradesh,,2001,378698950.6,1162450,13.966040413368493,19.752252121809295
Maharashtra,Maharashtra,2001,394725112.3,2217526,14.61190272252211,19.793700162374055
Telangana,,2001,238866186.7,800835,13.593410224808729,19.291414064815292
Bihar,Bihar,2001,180800307.8,158989,11.976590359316651,19.012903708354532
Madhya Pradesh,,2001,195606710.9,904283,13.714897654539248,19.091616624281144
West Bengal,,2001,199173593.5,523995,13.169237440357072,19.10968733157655
Gujarat,,2001,203388884.5,1376848,14.135307393986198,19.130630391609543
Andhra Pradesh,,2001,209624794.6,894016,13.703478962272705,19.160829798262206
Tamil Nadu,,2001,189728368.5,1388465,14.143709385555509,19.06110396774152
Karnataka,,2001,177537040.8,1120414,13.929208826752603,18.994689825672364
Jharkhand,,2001,118813383.6,150049,11.918717253046015,18.5930646151132
Rajasthan,,2001,158061553.5,1341658,14.109416727971963,18.878495094238925
Chhattisgarh,,2001,98502782.23,186704,12.137279807606605,18.405595351733254
Kerala,Kerala,2001,102016140.8,338919,12.73351644926482,18.440641601866677
Punjab,Punjab,2001,142705856.4,990936,13.806405240087058,18.77629612154889
Uttarakhand,,2001,85123212.40999998,126119,11.744981263961204,18.259610322624617
NCT of Delhi,Delhi,2001,142577111.1,109671,11.60524034515837,18.775393541840966
Haryana,,2001,89394382.29999998,711646,13.475335889794373,18.308568400361757
Odisha,,2001,66204965.37,261090,12.472620492752636,18.008266023683582
Assam,,2001,48549623.84,200124,12.206692503378596,17.69809700478282
Puducherry,,2001,16462944.65,18079,9.8025068758098,16.616622634539834
Himachal Pradesh,,2001,26499761.14,128988,11.767474733287653,17.092646277330925
Jammu and Kashmir,,2001,36524926.88,145430,11.887450218933358,17.41350551368254
Tripura,,2001,8450402.166999998,34731,10.455388226801007,15.949724591928621
Goa,Goa,2001,8199067.313,43633,10.683569252965603,15.91953096344826
Manipur,,2001,5767876.664,15470,9.646658589979314,15.567814574916643
Meghalaya,,2001,5018752.608,18638,9.832958322883712,15.42869197632838
Nagaland,,2001,4102521.046,8525,9.050759475171558,15.227112231975882
Sikkim,Sikkim,2001,2457712.369,4191,8.340697033987603,14.714741543953373
Mizoram,,2001,3282373.128,7273,8.891925515102036,15.004077233383939
Lakshadweep,,2001,764733.2387,299,5.700477017647474,13.547282344414347
Uttar Pradesh,,2002,397079665.4,1029732,13.84480914188595,19.799647487034086
Maharashtra,Maharashtra,2002,406304440.9,2214025,14.610322688483214,19.82261329099913
Telangana,,2002,239061979.6,833175,13.632998995120314,19.29223340514616
Bihar,Bihar,2002,189247023.6,184207,12.123815458539585,19.058563722813375
Madhya Pradesh,,2002,200334201.8,923145,13.735541608403874,19.11549753893013
West Bengal,,2002,203937827.5,583398,13.276624925371202,19.13332573820068
Gujarat,,2002,213441769.8,1407809,14.157545160192514,19.17887461244876
Andhra Pradesh,,2002,217954862.4,986687,13.802108155662824,19.199798546103878
Tamil Nadu,,2002,193045824.5,1406871,14.156878654566254,19.078438151328978
Karnataka,,2002,186808888.2,1148467,13.953938576275576,19.04559666399751
Jharkhand,,2002,118901778.2,177683,12.087756398992132,18.593808316973906
Rajasthan,,2002,164284720.6,1289642,14.069875226196471,18.917111581726225
Chhattisgarh,,2002,98577191.64,290815,12.580442639540516,18.406350470704247
Kerala,Kerala,2002,114763982.3,364991,12.807628002124316,18.558388249590738
Punjab,Punjab,2002,149640117.1,972868,13.788003699345733,18.823743749988687
Uttarakhand,,2002,85190736.75,126390,11.747127722761352,18.260403262297157
NCT of Delhi,Delhi,2002,138527869.6,109457,11.603287148410333,18.746582087897462
Haryana,,2002,92716534.07,709672,13.472558184535668,18.345057375688814
Odisha,,2002,68908034.75,305261,12.628922460118558,18.048283343843853
Assam,,2002,51510963.1,205982,12.235544113861135,17.757305218707295
Puducherry,,2002,16476937.61,19202,9.86277024003652,16.617472240542142
Himachal Pradesh,,2002,27939301.08,139349,11.84473692847151,17.145544896447994
Jammu and Kashmir,,2002,38326433.54,144281,11.879518135270212,17.461650386849747
Tripura,,2002,8739264.0,37327,10.527472472263558,15.983336533559497
Goa,Goa,2002,8830390.84,46525,10.747745296448635,15.993709834341233
Manipur,,2002,5932487.889,17414,9.765030333638999,15.595954225823473
Meghalaya,,2002,5636168.41,20846,9.94491784200749,15.544715032675638
Nagaland,,2002,4281923.312,10808,9.28804280488017,15.269912838583254
Sikkim,Sikkim,2002,2579821.065,4905,8.49801241073337,14.763230599841492
Mizoram,,2002,3631933.258,7409,8.910452106125557,15.105275642433158
Lakshadweep,,2002,765395.4595999998,260,5.560720091814363,13.548147919894477
Uttar Pradesh,,2003,430948419.3,880134,13.687829458951253,19.88149896410804
Maharashtra,Maharashtra,2003,434290533.4,2072113,14.54407942237997,19.889224299892398
Telangana,,2003,248951269.1,803848,13.597165488001801,19.33276772885028
Bihar,Bihar,2003,204770484.1,153654,11.942458665493378,19.137400320137786
Madhya Pradesh,,2003,212403006.6,710439,13.473638381877675,19.173996002599104
West Bengal,,2003,216343783.5,486309,13.094599523878067,19.192379290688727
Gujarat,,2003,232632853.1,1253938,14.041799565141309,19.264972030981273
Andhra Pradesh,,2003,234977692.3,899998,13.710147831192891,19.275001141219658
Tamil Nadu,,2003,203774758.0,1492880,14.216217704905814,19.132525814359745
Karnataka,,2003,203825854.2,1129626,13.937397171305882,19.132776531354462
Jharkhand,,2003,123296464.9,158898,11.976017828846638,18.630102297001745
Rajasthan,,2003,176913399.1,1292969,14.072451689949368,18.99117090018471
Chhattisgarh,,2003,102284729.1,231219,12.351120635583609,18.443270944119313
Kerala,Kerala,2003,134071479.4,336191,12.725434759563438,18.713883644051062
Punjab,Punjab,2003,163182017.0,966818,13.781765556102997,18.91037680447194
Uttarakhand,,2003,88583486.64,132450,11.793960570200401,18.29945601716583
NCT of Delhi,Delhi,2003,140380813.2,108680,11.59616315555353,18.759869382097758
Haryana,,2003,99912909.85,675963,13.423893634593055,18.419809462997325
Odisha,,2003,74194389.51,244954,12.408825757620619,18.12219909220602
Assam,,2003,56532890.72,171618,12.05302641390873,17.850333163378036
Puducherry,,2003,17187280.15,20245,9.915663622415263,16.659680142036528
Himachal Pradesh,,2003,30614964.79,137343,11.83023679834633,17.236999492803704
Jammu and Kashmir,,2003,41751572.27,138098,11.835718929445624,17.547247667713727
Tripura,,2003,9364747.992,34936,10.461273381403048,16.052462983941396
Goa,Goa,2003,9895031.104,47886,10.776578673933344,16.107543280419623
Manipur,,2003,6325814.614,14044,9.549951249335919,15.66014937701206
Meghalaya,,2003,6545380.223,14677,9.594037602949115,15.694270049298048
Nagaland,,2003,4632864.982,7503,8.923059552345055,15.348686021301996
Sikkim,Sikkim,2003,2808599.843,2510,7.828042016181639,14.848196640616479
Mizoram,,2003,4174990.687,6156,8.7251841193889,15.244622685605922
Lakshadweep,,2003,798875.8103,242,5.488979047616993,13.590960781253429
Uttar Pradesh,,2004,468314903.1,1013706,13.829123490128687,19.964651497478282
Maharashtra,Maharashtra,2004,465062751.2,2182136,14.595814776154821,19.957682903264065
Telangana,,2004,259753585.2,924621,13.737139213617914,19.37524399035076
Bihar,Bihar,2004,221805911.4,174184,12.067867548142708,19.217313284464066
Madhya Pradesh,,2004,225440997.6,931813,13.744887440491015,19.233569031229056
West Bengal,,2004,229895964.6,628504,13.35109768726257,19.253137436730295
Gujarat,,2004,254017410.8,1299464,14.07746243741275,19.352913369090302
Andhra Pradesh,,2004,253871657.8,1103640,13.914124374745668,19.352339413031736
Tamil Nadu,,2004,215521231.5,1507855,14.226198675712745,19.188569984696862
Karnataka,,2004,222712629.3,1289241,14.069564238842549,19.221392840543313
Jharkhand,,2004,128074873.5,198096,12.196507091141047,18.668125600086533
Rajasthan,,2004,190731624.2,1559769,14.260048297749378,19.066377889019176
Chhattisgarh,,2004,106318796.9,355031,12.779960416755255,18.481952656466262
Kerala,Kerala,2004,157071404.3,413970,12.93354881057005,18.87221106437898
Punjab,Punjab,2004,178243882.0,1074683,13.887536301641285,18.998663294089003
Uttarakhand,,2004,92283580.44,173319,12.062889163859689,18.340376790257057
NCT of Delhi,Delhi,2004,142508095.7,107675,11.586872802794375,18.774909367989068
Haryana,,2004,107879108.2,780597,13.567814303334433,18.496521789609126
Odisha,,2004,80012344.39,377193,12.840512298286594,18.197691485609383
Assam,,2004,62121469.59,232512,12.356697158589405,17.944602213241172
Puducherry,,2004,17964616.38,20538,9.93003259466045,16.703914624558372
Himachal Pradesh,,2004,33623128.88,173202,12.062213880123966,17.330724747646492
Jammu and Kashmir,,2004,45566841.31,175118,12.073215368495815,17.634690845718065
Tripura,,2004,10053881.22,47179,10.761704369273938,16.123469308961567
Goa,Goa,2004,11111218.57,52428,10.86719626947719,16.22346583786938
Manipur,,2004,6758833.588,16835,9.731215925595592,15.726360886977501
Meghalaya,,2004,7605775.954,26264,10.17595483993067,15.844418510554767
Nagaland,,2004,5023394.683,12072,9.398644828810497,15.429616494799605
Sikkim,Sikkim,2004,3058129.161,6249,8.740178330183843,14.933313901662245
Mizoram,,2004,4811922.229,8709,9.072113400929537,15.386607194059152
Lakshadweep,,2004,835541.7939,248,5.513469067932694,13.635835648387681
Uttar Pradesh,,2005,508409099.0,950745,13.765001177288697,20.046796994444357
Maharashtra,Maharashtra,2005,497682236.1,1859647,14.43589724810907,20.025472351208688
Telangana,,2005,270834053.1,833600,13.633508961977402,19.417016841096526
Bihar,Bihar,2005,239983053.4,185104,12.128673162292351,19.296078867979872
Madhya Pradesh,,2005,238981122.5,857051,13.661252717395508,19.29189512142063
West Bengal,,2005,244135753.1,611889,13.324306188838287,19.313234993707695
Gujarat,,2005,277177680.7,1203519,14.000760331676691,19.440169305083092
Andhra Pradesh,,2005,274209152.3,976173,13.791395114030024,19.42940170272655
Tamil Nadu,,2005,227831647.7,1387684,14.143146735629315,19.244117526895856
Karnataka,,2005,243108121.3,1253288,14.041281063810056,19.30901684596816
Jharkhand,,2005,132953350.3,188990,12.149449435501934,18.705508875034933
Rajasthan,,2005,205376996.3,1463772,14.196527230501765,19.140357854542266
Chhattisgarh,,2005,110440237.8,338299,12.731685428367829,18.51998509822927
Kerala,Kerala,2005,184072332.8,373425,12.830472486957632,19.030839351368048
Punjab,Punjab,2005,194507626.6,1007413,13.822896226643492,19.085981931565087
Uttarakhand,,2005,96072739.4,143852,11.8765403417705,18.380616164604138
NCT of Delhi,Delhi,2005,144515034.5,109778,11.606215514776164,18.788894105087156
Haryana,,2005,116411502.2,748214,13.52544432566073,18.57264190453082
Odisha,,2005,86226910.23999998,341598,12.74138991535265,18.272492870673414
Assam,,2005,68192656.71,220817,12.305089628461278,18.03784744414265
Puducherry,,2005,18763424.92,20218,9.914329070322644,16.74742004991137
Himachal Pradesh,,2005,36915935.93,155668,11.955480877496012,17.42415388380428
Jammu and Kashmir,,2005,49698106.78,189688,12.153135948864959,17.721477397383556
Tripura,,2005,10788451.47,41307,10.628787498202172,16.193986811643075
Goa,Goa,2005,12469898.96,52099,10.860901225641534,16.338828214977042
Manipur,,2005,7218714.911999999,14735,9.597981573827825,15.792187504999204
Meghalaya,,2005,8823648.927,25593,10.150074546308568,15.99294605297258
Nagaland,,2005,5445517.392,11033,9.30864696713169,15.510303331322545
Sikkim,Sikkim,2005,3322274.178,7201,8.881976572943916,15.016160099765287
Mizoram,,2005,5546577.753,6730,8.81433190852177,15.52869167445257
Lakshadweep,,2005,873242.052,239,5.476505392060385,13.679968060995824
Uttar Pradesh,,2006,552262106.7,996747,13.812252265489917,20.129533322523073
Maharashtra,Maharashtra,2006,533135967.8,1510797,14.22814789073455,20.094287048659798
Telangana,,2006,282687605.4,806108,13.599973019954739,19.459852978052144
Bihar,Bihar,2006,259755499.9,165482,12.01661776698454,19.37525136154043
Madhya Pradesh,,2006,253423171.4,635442,13.362076114464543,19.3505712636597
West Bengal,,2006,259498599.3,546728,13.211706718251452,19.374261862867787
Gujarat,,2006,302762534.1,1053021,13.867173743433684,19.528459340366247
Andhra Pradesh,,2006,296576845.7,923359,13.735773397773018,19.507816918875708
Tamil Nadu,,2006,241122742.5,1337983,14.106673821532889,19.30081666678242
Karnataka,,2006,265553727.0,1154280,13.958987339598071,19.397327739755845
Jharkhand,,2006,138147818.6,179151,12.09598436045095,18.74383481912579
Rajasthan,,2006,221240339.9,1309171,14.084904678070382,19.214760179430197
Chhattisgarh,,2006,114831657.0,280427,12.544068756179634,18.558977761675255
Kerala,Kerala,2006,216154062.4,354578,12.778683657162947,19.191501963257075
Punjab,Punjab,2006,212431464.0,1019135,13.83446479606833,19.174129971954283
Uttarakhand,,2006,100119674.4,162570,11.998864018740232,18.421876772425076
NCT of Delhi,Delhi,2006,146668265.7,112236,11.62835916532052,18.80368389864904
Haryana,,2006,125760586.4,712331,13.4762979840462,18.649890549484173
Odisha,,2006,93003153.99,296105,12.598469433906015,18.348143964413435
Assam,,2006,74899422.56,201804,12.21505225786378,18.131656738978425
Puducherry,,2006,19619534.55,20707,9.938227569268387,16.7920362885785
Himachal Pradesh,,2006,40589630.96,157005,11.96403299464933,17.519023196879193
Jammu and Kashmir,,2006,54260549.9,179269,12.09664280583725,17.809307999681117
Tripura,,2006,11589513.45,33184,10.409823412379255,16.265611234279437
Goa,Goa,2006,14012318.55,46326,10.743458853398351,16.455447397126168
Manipur,,2006,7719394.721,13994,9.546384659897555,15.859246514911659
Meghalaya,,2006,10237701.77,25409,10.142859114516247,16.141587715862553
Nagaland,,2006,5911270.407,9349,9.14302573432386,15.592371325165178
Sikkim,Sikkim,2006,3607660.634,6294,8.747353666437833,15.098570096428158
Mizoram,,2006,6405170.158,6536,8.785082166526427,15.672616059392565
Lakshadweep,,2006,913685.3189,163,5.093811548618198,13.7252415011111
Uttar Pradesh,,2007,564485283.7,1267924,14.05289148316141,20.15142487159504
Maharashtra,Maharashtra,2007,569536883.9,2035985,14.526490294150006,20.160334104162573
Telangana,,2007,290718598.5,1016903,13.832272301751248,19.48786634181075
Bihar,Bihar,2007,257615623.5,186759,12.137574348149856,19.366979200588244
Madhya Pradesh,,2007,253619670.6,951956,13.766274104722687,19.35134634297671
West Bengal,,2007,273925383.5,660223,13.400332950868702,19.428366304273005
Gujarat,,2007,324353623.2,1293280,14.072692192699948,19.597344908209937
Andhra Pradesh,,2007,327388579.8,1127194,13.93524192549997,19.606658340802404
Tamil Nadu,,2007,278541478.4,1552784,14.25556001325687,19.44507754125087
Karnataka,,2007,288964715.5,1400397,14.152266332956112,19.481815146927406
Jharkhand,,2007,141669464.7,209412,12.252058930119626,18.769007188849063
Rajasthan,,2007,238232043.0,1628562,14.303207980959353,19.28875572724886
Chhattisgarh,,2007,117808422.2,393266,12.88224153210707,18.58457032238158
Kerala,Kerala,2007,233173233.1,394457,12.885265439946004,19.267292224977997
Punjab,Punjab,2007,225979167.8,1107027,13.917188610670442,19.235953375111812
Uttarakhand,,2007,102861871.6,206610,12.23858828560722,18.448897593751184
NCT of Delhi,Delhi,2007,164348915.4,112374,11.629587961946461,18.917502258722028
Haryana,,2007,135828332.3,794709,13.585731301475677,18.72690238387599
Odisha,,2007,99941391.13,394544,12.885485971981192,18.420094483435246
Assam,,2007,81111045.93,239784,12.387493838785163,18.211329711167426
Puducherry,,2007,20199556.69,22680,10.029239198758699,16.82117121609101
Himachal Pradesh,,2007,43617308.91,200861,12.210368455312661,17.590964622886876
Jammu and Kashmir,,2007,62483643.29,224442,12.321372645447692,17.950415373095282
Tripura,,2007,12372143.73,44984,10.714062372273277,16.3309580300814
Goa,Goa,2007,18970560.26,52689,10.872162173882762,16.75839887547613
Manipur,,2007,9450633.732,15758,9.66510408640373,16.0615923588087
Meghalaya,,2007,11948710.64,32221,10.380374003229106,16.296133934286267
Nagaland,,2007,7624844.34,14247,9.56430233911914,15.846922465823143
Sikkim,Sikkim,2007,3650757.492,9857,9.19593815617238,15.110445236081672
Mizoram,,2007,7667221.571999999,10000,9.210341371975682,15.852464861562606
Lakshadweep,,2007,941072.618,221,5.398207949362832,13.754775586684561
Uttar Pradesh,,2008,550608568.6,1142743,13.94894207935183,20.126534712847366
Maharashtra,Maharashtra,2008,578496787.4,2006425,14.511865094454693,20.175943551255013
Telangana,,2008,283721679.1,995890,13.811392098741795,19.463504312439397
Bihar,Bihar,2008,243659089.6,195968,12.18570671060604,19.31128063252962
Madhya Pradesh,,2008,241467541.6,856733,13.66088160878446,19.302245618711336
West Bengal,,2008,275797435.4,635524,13.362205150172539,19.43517722451302
Gujarat,,2008,330095640.5,1206841,14.003516768122532,19.614892990132155
Andhra Pradesh,,2008,344095082.6,1086105,13.898108469092403,19.656428580052406
Tamil Nadu,,2008,305923715.6,1457230,14.192047938194905,19.538846333412547
Karnataka,,2008,299267232.8,1327939,14.099138681759058,19.51684748737756
Jharkhand,,2008,138621392.3,210530,12.257383487263768,18.747256978408867
Rajasthan,,2008,244437916.5,1561858,14.261386702561008,19.314471914390598
Chhattisgarh,,2008,115229203.1,418679,12.944859819391647,18.562433773232534
Kerala,Kerala,2008,238401352.8,349655,12.764702261643688,19.289466167636014
Punjab,Punjab,2008,227982688.7,1020285,13.835592567798146,19.244780257281747
Uttarakhand,,2008,100477856.6,205670,12.234028270165082,18.42544792884836
NCT of Delhi,Delhi,2008,173067347.6,109880,11.607144231217578,18.96919136919294
Haryana,,2008,139343056.0,776190,13.562152627439891,18.752449479290725
Odisha,,2008,102587256.0,360062,12.794031545598964,18.44622427245986
Assam,,2008,83845827.06,240571,12.390770584822594,18.24449027826879
Puducherry,,2008,19693091.06,22883,10.038149992785065,16.79577842458171
Himachal Pradesh,,2008,44486875.74,171601,12.052927351799562,17.61070477644588
Jammu and Kashmir,,2008,68108857.62,176994,12.08387116917541,18.03661783050306
Tripura,,2008,12593346.95,41044,10.622400184623041,16.34867921262887
Goa,Goa,2008,23541470.07,50168,10.823132851553089,16.97427410771905
Manipur,,2008,11007649.57,14731,9.597710074655248,16.214101004527905
Meghalaya,,2008,13281085.1,30208,10.315862399983308,16.401851408011883
Nagaland,,2008,9338339.423,12729,9.451638919477793,16.049639002428137
Sikkim,Sikkim,2008,3511741.092,9887,9.19897705332577,15.071622510062902
Mizoram,,2008,8698180.017,7726,8.95234783755622,15.978624368292534
Lakshadweep,,2008,917139.7362,189,5.241799923712865,13.729015123707844
Uttar Pradesh,,2009,562110157.7,1119817,13.928675845994098,20.147208398792834
Maharashtra,Maharashtra,2009,617348847.9,2033592,14.52531425041669,20.240944815773968
Telangana,,2009,291433177.5,1127043,13.93510795555902,19.49032130076938
Bihar,Bihar,2009,240277187.0,191556,12.162935525256533,19.297303760702743
Madhya Pradesh,,2009,239792932.8,633506,13.359024765675441,19.295286328897383
West Bengal,,2009,290811360.6,666672,13.41005346482399,19.48818536957307
Gujarat,,2009,353039357.2,1362571,14.124883921592662,19.682090102167056
Andhra Pradesh,,2009,379360831.8,1262656,14.048728004774455,19.7539983729192
Tamil Nadu,,2009,352529995.3,1674764,14.3311828237632,19.680646269646036
Karnataka,,2009,325386395.5,1462012,14.1953241340324,19.600523943331876
Jharkhand,,2009,141994121.5,229231,12.34248555135507,18.771296216821295
Rajasthan,,2009,262903929.5,1901469,14.458137308557902,19.387299236336222
Chhattisgarh,,2009,118081282.1,468890,13.058123499668378,18.586883776650446
Kerala,Kerala,2009,256415920.5,385267,12.861691905354947,19.36231137351683
Punjab,Punjab,2009,242244686.3,1149058,13.954453042936779,19.305458873716457
Uttarakhand,,2009,103108725.4,199177,12.201949205825612,18.4512945758621
NCT of Delhi,Delhi,2009,191119261.6,112083,11.626995036467552,19.068408197433136
Haryana,,2009,150301437.0,975876,13.791090818390675,18.82815341555574
Odisha,,2009,110133625.0,415625,12.937538714452407,18.517204959244566
Assam,,2009,90719704.84,255694,12.451736735115173,18.323285144411088
Puducherry,,2009,20250538.93,24254,10.096337243519777,16.82369196498984
Himachal Pradesh,,2009,47724911.04,179293,12.096776673891853,17.680964063561778
Jammu and Kashmir,,2009,77728256.79,197209,12.192019409762105,18.168729414478662
Tripura,,2009,13431629.75,47761,10.773964895246564,16.4131229125889
Goa,Goa,2009,30101369.55,55969,10.932553423681803,17.22008122868401
Manipur,,2009,13448129.33,14461,9.579211341129662,16.41435057106777
Meghalaya,,2009,15493252.32,32359,10.38464777737935,16.555915152910487
Nagaland,,2009,11991590.86,13682,9.523837110207973,16.299716200437384
Sikkim,Sikkim,2009,3548964.399,10091,9.219400207446101,15.082166400301904
Mizoram,,2009,10388205.45,8004,8.987697945078155,16.156181629197235
Lakshadweep,,2009,943469.6843,227,5.42499406937454,13.75731951216695
Uttar Pradesh,,2010,574265933.7,1281525,14.063561340787787,20.168603146122855
Maharashtra,Maharashtra,2010,659480660.0,1983944,14.500597345662612,20.30696320444525
Telangana,,2010,299621735.3,1078755,13.891318165633185,19.51803135470619
Bihar,Bihar,2010,236489561.5,243963,12.40477189442249,19.28141462750146
Madhya Pradesh,,2010,237387773.9,748551,13.525894630152338,19.28520553881367
West Bengal,,2010,306905936.2,625348,13.346063589754031,19.54205186185973
Gujarat,,2010,377841894.9,1273590,14.057350250134457,19.74998639862531
Andhra Pradesh,,2010,418637073.2,1223044,14.01685339930395,19.852514928794157
Tamil Nadu,,2010,406455856.2,1669579,14.3280820627926,19.822985886221343
Karnataka,,2010,354204579.5,1427902,14.171716799078997,19.68538521236551
Jharkhand,,2010,145559034.6,245238,12.409984487343621,18.79609229836967
Rajasthan,,2010,283020643.4,1819940,14.414314096971273,19.46103039782349
Chhattisgarh,,2010,121097981.0,450163,13.01736504059627,18.61211053621258
Kerala,Kerala,2010,275836174.9,386920,12.865973258141619,19.435317678246587
Punjab,Punjab,2010,257662859.5,1000122,13.81563256052166,19.367162542224623
Uttarakhand,,2010,105897973.9,222932,12.314622116062116,18.477986678188422
NCT of Delhi,Delhi,2010,210139713.8,113132,11.63631064593319,19.1632831712748
Haryana,,2010,162272586.5,843195,13.644953538820035,18.904788111872264
Odisha,,2010,118346033.1,398905,12.896478597353358,18.589123374984823
Assam,,2010,98258760.05,274327,12.522076140907707,18.403114965553304
Puducherry,,2010,20843490.11,24880,10.121819948782296,16.852552232516683
Himachal Pradesh,,2010,51236406.37,177119,12.08457715849595,17.75196089923905
Jammu and Kashmir,,2010,88509378.23,210397,12.256751548718098,18.298619073064437
Tripura,,2010,14340358.39,51143,10.842381105149872,16.478588385152594
Goa,Goa,2010,37869746.15,54626,10.908265421929476,17.44966309666037
Manipur,,2010,16444425.62,15109,9.623046533596794,16.615497109661785
Meghalaya,,2010,18101856.42,38793,10.565995354742395,16.711525055617543
Nagaland,,2010,15399406.22,17099,9.746775846077945,16.549839509497655
Sikkim,Sikkim,2010,3589249.883,12544,9.436998539783747,15.0934537923926
Mizoram,,2010,12416975.88,7859,8.969415923291882,16.334575116898904
Lakshadweep,,2010,971505.2096,314,5.749424832534903,13.786601910214488
Uttar Pradesh,,2011,573554795.9,1300167,14.07800328341107,20.167364036438475
Maharashtra,Maharashtra,2011,687435099.5,2401028,14.691407541107854,20.3484779823217
Telangana,,2011,300362341.3,1137895,13.944690631064372,19.520500108144937
Bihar,Bihar,2011,227033792.0,215068,12.278709582670807,19.240609427802738
Madhya Pradesh,,2011,228671486.5,862103,13.667130043666228,19.24779697478825
West Bengal,,2011,316540628.6,715455,13.480673996896147,19.57296215971441
Gujarat,,2011,394400526.5,1402896,14.154049236594187,19.792877515631012
Andhra Pradesh,,2011,450996468.9,1221579,14.015654850355183,19.92697006794628
Tamil Nadu,,2011,457003796.9,1588122,14.278062750331456,19.940202257139063
Karnataka,,2011,376379348.5,1552399,14.255312040754449,19.746108098336094
Jharkhand,,2011,145872160.1,254547,12.447240813042677,18.798241180343787
Rajasthan,,2011,297589445.1,1836075,14.423140704447851,19.51122539356038
Chhattisgarh,,2011,121364258.8,528327,13.177470708099527,18.61430698467624
Kerala,Kerala,2011,289037132.1,378930,12.845106796826228,19.482065722598332
Punjab,Punjab,2011,267110116.5,1002775,13.818281724732387,19.40317155269053
Uttarakhand,,2011,106147862.7,232887,12.358308679306214,18.48034361119581
NCT of Delhi,Delhi,2011,223998456.1,119467,11.690795545294602,19.227149717384847
Haryana,,2011,170859678.6,880875,13.688671021981673,18.956353184613757
Odisha,,2011,124360090.5,462560,13.04453157886899,18.638691870880518
Assam,,2011,104034228.8,286255,12.564638335880831,18.46023052603345
Puducherry,,2011,20897653.18,23376,10.059465561779575,16.855147422591987
Himachal Pradesh,,2011,53625135.13,189790,12.153673529420779,17.797528455116037
Jammu and Kashmir,,2011,98038851.0,214119,12.274287260921065,18.400874396849265
Tripura,,2011,14959800.69,61061,11.019628807259174,16.520877207560893
Goa,Goa,2011,45764373.06,58746,10.980978514806468,17.63901646559214
Manipur,,2011,19609735.14,17788,9.786279913807178,16.79153669170702
Meghalaya,,2011,20644230.81,30080,10.31161611051053,16.842946458676533
Nagaland,,2011,19257527.15,17236,9.754756078916577,16.773412563048584
Sikkim,Sikkim,2011,3542389.707,12711,9.450223826014522,15.080312115835051
Mizoram,,2011,14449225.89,7319,8.898230351907166,16.486151399461406
Lakshadweep,,2011,974071.067,308,5.730132249978983,13.789239544028634
Uttar Pradesh,,2012,571379121.7,1391881,14.146166634900926,20.163563508241445
Maharashtra,Maharashtra,2012,714625167.7,2656001,14.792332169849475,20.387268722216913
Telangana,,2012,300276369.2,1272163,14.056229167187094,19.5202138392146
Bihar,Bihar,2012,216691445.5,230599,12.348435593659572,19.193984989492954
Madhya Pradesh,,2012,218549451.1,943201,13.757034699027457,19.202522867717025
West Bengal,,2012,325635821.6,784483,13.57278019381427,19.60129020324023
Gujarat,,2012,410452956.4,1488028,14.212962318122736,19.832771879558774
Andhra Pradesh,,2012,484477098.7,1357120,14.120875372636908,19.998580720272876
Tamil Nadu,,2012,512076471.6,1616923,14.296035524562388,20.053984530444648
Karnataka,,2012,398879420.2,1707862,14.350752859668805,19.804169724168467
Jharkhand,,2012,145819849.4,264087,12.48403391116113,18.797882509561887
Rajasthan,,2012,312063242.7,2184615,14.59695017419101,19.55871642619423
Chhattisgarh,,2012,121322029.7,591844,13.290998382523187,18.613958970779887
Kerala,Kerala,2012,301801741.3,422329,12.953539933802976,19.525280873996422
Punjab,Punjab,2012,276116201.3,1150667,13.955852340895055,19.43633235428061
Uttarakhand,,2012,106114806.0,259907,12.46807919217812,18.48003214144496
NCT of Delhi,Delhi,2012,237132666.7,124325,11.730654464017281,19.28413031758925
Haryana,,2012,179382147.8,1017495,13.832854292109959,19.005028992046604
Odisha,,2012,130349587.9,515001,13.151924140809,18.68573053685049
Assam,,2012,109868812.1,315566,12.662123162534064,18.514797594750043
Puducherry,,2012,20892257.23,26632,10.189869154742926,16.8548891808309
Himachal Pradesh,,2012,55955003.6,215836,12.282274185355224,17.840058418571676
Jammu and Kashmir,,2012,108008627.0,262161,12.476714135974369,18.497721661527915
Tripura,,2012,15566004.29,66121,11.099241827075403,16.560599882102103
Goa,Goa,2012,54541926.81,59666,10.996517790507628,17.814480263140524
Manipur,,2012,23303912.54,17874,9.79110298141304,16.964131824610586
Meghalaya,,2012,23479871.6,37118,10.521857575549282,16.971654084425403
Nagaland,,2012,23977198.78,13515,9.511556198628883,16.992613885894553
Sikkim,Sikkim,2012,3486617.919,12338,9.42044002027339,15.064442746668856
Mizoram,,2012,16753607.03,7490,8.92132541162386,16.634124138126555
Lakshadweep,,2012,973839.3029,370,5.913530032300074,13.789001582257214
